data,filename
7770001,7770001.png
7770002,7770002.png
7770003,7770003.png
7770004,7770004.png
7770005,7770005.png
7770006,7770006.png
7770007,7770007.png
7770008,7770008.png
7770009,7770009.png
7770010,7770010.png
7770011,7770011.png
7770012,7770012.png
7770013,7770013.png
7770014,7770014.png
7770015,7770015.png
7770016,7770016.png
7770017,7770017.png
7770018,7770018.png
7770019,7770019.png
7770020,7770020.png
7770021,7770021.png
7770022,7770022.png
7770023,7770023.png
7770024,7770024.png
7770025,7770025.png
7770026,7770026.png
7770027,7770027.png
7770028,7770028.png
7770029,7770029.png
7770030,7770030.png